lncRNA,miRNA,mRNA
PCA3,hsa-miR-182,THBS1
PCA3,hsa-miR-182,CHL1
RBMS3-AS3,hsa-miR-182,THBS1
RBMS3-AS3,hsa-miR-182,CHL1
UCA1,hsa-miR-182,THBS1
UCA1,hsa-miR-182,CHL1
SFTA1P,hsa-miR-182,THBS1
SFTA1P,hsa-miR-182,CHL1
AC073352.1,hsa-miR-182,THBS1
AC073352.1,hsa-miR-182,CHL1
RMST,hsa-miR-182,THBS1
RMST,hsa-miR-182,CHL1
LINC00221,hsa-miR-182,THBS1
LINC00221,hsa-miR-182,CHL1
LINC00114,hsa-miR-182,THBS1
LINC00114,hsa-miR-182,CHL1
TCL6,hsa-miR-182,THBS1
TCL6,hsa-miR-182,CHL1
ERVMER61-1,hsa-miR-182,THBS1
ERVMER61-1,hsa-miR-182,CHL1
AP002478.1,hsa-miR-182,THBS1
AP002478.1,hsa-miR-182,CHL1
MYCNOS,hsa-miR-183,CCNB1
AL357153.1,hsa-miR-183,CCNB1
AC024563.1,hsa-miR-183,CCNB1
TCL6,hsa-miR-183,CCNB1
AL139385.1,hsa-miR-183,CCNB1
CRNDE,hsa-miR-183,CCNB1
AC087392.1,hsa-miR-429,SHCBP1
LINC00491,hsa-miR-429,SHCBP1
AL110292.1,hsa-miR-429,SHCBP1
DLX6-AS1,hsa-miR-429,SHCBP1
PART1,hsa-miR-429,SHCBP1
MAGI2-AS3,hsa-miR-429,SHCBP1
CLRN1-AS1,hsa-miR-429,SHCBP1
RMST,hsa-miR-429,SHCBP1
LINC00114,hsa-miR-429,SHCBP1
UCA1,hsa-miR-96,SLC1A1
UCA1,hsa-miR-96,PROK2
AL161645.1,hsa-miR-96,SLC1A1
AL161645.1,hsa-miR-96,PROK2
C14orf144,hsa-miR-96,SLC1A1
C14orf144,hsa-miR-96,PROK2
PCA3,hsa-miR-96,SLC1A1
PCA3,hsa-miR-96,PROK2
TCL6,hsa-miR-96,SLC1A1
TCL6,hsa-miR-96,PROK2
LINC00114,hsa-miR-96,SLC1A1
LINC00114,hsa-miR-96,PROK2
ERVMER61-1,hsa-miR-96,SLC1A1
ERVMER61-1,hsa-miR-96,PROK2
AC073352.1,hsa-miR-96,SLC1A1
AC073352.1,hsa-miR-96,PROK2
RBMS3-AS3,hsa-miR-96,SLC1A1
RBMS3-AS3,hsa-miR-96,PROK2
RMST,hsa-miR-96,SLC1A1
RMST,hsa-miR-96,PROK2
LINC00221,hsa-miR-96,SLC1A1
LINC00221,hsa-miR-96,PROK2
KLHL6-AS1,hsa-miR-96,SLC1A1
KLHL6-AS1,hsa-miR-96,PROK2
